subject,department,ab0,ab1,ab2
African & African Amer Studies,African & African Amer Studies,AfAm Studies,Africana Studies,Black Studies
Afrikaans,African & African Amer Studies,Afrikaans,Afrik,Afrikans
Akkadian,Near Eastern Languages & Civ,Akk,Akkadian Language,Near Eastern Languages
Albanian Language,Near Eastern Languages & Civ,Alb Lang,Albanian Lang,Near Eastern Lang & Civ
American Studies,American Studies,AmStud,AmeriStud,US Studies
Amharic,African & African Amer Studies,Amh,Amhar,Amh Lang
Ancient Near East,Near Eastern Languages & Civ,ANE,Ancient NE,Near Eastern Studies
Ancient Studies,Classics The,Ancient Studies,Classics,Ancient History
Anthropology,Anthropology,Anthro,Anthrology,Socio-cultural
Applied Computation,Applied Computation,App Comp,Applied Comp,Computational Science
Applied Mathematics,Applied Mathematics,App Math,App Math,Applied Math
Applied Physics,Applied Physics,App Phys,App Physics,Applied Phys
Arabic,Near Eastern Languages & Civ,Arabic,Near Eastern Languages,Arabic Studies
Armenian,Near Eastern Languages & Civ,Armenian Studies,Armenian Language,Near Eastern Studies
Armenian Studies,Near Eastern Languages & Civ,Arm Studies,Near East Lang & Civ,Armenian Lang & Culture
"Art, Film, and Visual Studies",Art Film and Visual Studies,AFVS,Visual Arts,Film Studies
Astronomy,Astronomy,Astro,Ast,Astronomics
Bahasa Indonesia,South Asian Studies,Indonesian Language,Bahasa Indo,Bah Indo
Biolog Chem & Molecular Pharm,Medical Sciences,Biochem,Molecular Pharmacology,Biomedical Chemistry
Biological & Biomedical Sci,Medical Sciences,BioSci,Biomed Sci,Med Sci
Biological Sci in Public Hlth,Bio Sciences in Public Health,Bio Sci Public Hlth,Bio Sciences Pub Hlth,Biological Public Health
Biomedical Engineering,Biomedical Engineering,BioMed Eng,Biomed Eng,BME
Biomedical Informatics,Medical Sciences,Bioinformatics,Health Informatics,Medical Informatics
Biophysics,Biophysics,Biophys,Biophysical,Bio Phys
Bio Sciences in Dental Med,Bio Sciences in Dental Med,Bio Dent,Dental Biology,Oral Sciences
Biostatistics,Biostatistics,BioStats,Biometrics,Biometry
"Bosnian, Croatian & Serbian",Slavic Languages & Literatures,BCS,BCS Languages,Bosnian Croatian Serbian
Catalan,Romance Languages & Lit,Catalan,Catalan language,Catalan studies
Cell Biology,Medical Sciences,Cell Bio,Cellular Biology,Cytology
Celtic,Celtic Languages & Literatures,Celtic Studies,Celtic Languages,Celtic Literature
Chaghatay,East Asian Langs & Civ,Chagatai,Chagatai language,Chagatai literature
Chemical and Physical Biology,Chemical & Physical Biology,Chem Phys Bio,Chem Phys Biol,Chem & Phys Bio
Chemical Biology,Chemical Biology,ChemBio,ChemBio,ChemBio
Chemistry,Chemistry & Chemical Biology,Chem,ChemBio,Chem & ChemBio
Chinese,East Asian Langs & Civ,Chinese,Mandarin,East Asian Language
Chinese History,East Asian Langs & Civ,Chinese Hist,East Asian History,CHIST
Chinese Literature,East Asian Langs & Civ,Ch Lit,Chinese Lit,East Asian Lit
Classical Archaeology,Classics The,Classical Arch,Classical Archaelogy,Classical Archy
Classical Hebrew,Near Eastern Languages & Civ,Classical Hebrew,Biblical Hebrew,Ancient Hebrew
Classical Philology,Classics The,Class Phil,Cl Phil,Classical Phil
Classical Studies,Classics The,Classics,Ancient Studies,Greco-Roman Studies
Classics,Classics The,Classics,Classical Studies,Ancient Studies
Comparative Literature,Comparative Literature,Comp Lit,Comp Lit Studies,Comparative Lit
Computer Science,Computer Science,CS,Comp Sci,CompSci
Creativity and Entrepreneurshi,The Lemann Prog on Creativity,Creativity & Entrepreneurship,Creativity and Business,Innovation and Entrepreneurship
Czech,Slavic Languages & Literatures,Czech,Slavic Lang,Lit
Design,Arch Landscape & Urban Plan,Design,Architecture,Urban Planning
Developmental & Regen Biology,Medical Sciences,Dev & Regen Bio,Dev & Reg Bio,Developmental Biology
Earth & Planetary Sciences,Earth & Planetary Sciences,EPS,Geosciences,Geology
E Asian Film & Media Studies,East Asian Langs & Civ,E Asian Film,Media Studies,EALC
East Asian Buddhist Studies,East Asian Langs & Civ,EAS,East Asian Buddhism,EALC
East Asian Studies,East Asian Langs & Civ,EAS,East Asian Langs,East Asian Civilization
Economics,Economics,Econ,Ec,Econs
Education,Faculty of Arts & Sciences,Edu,Teaching,Pedagogy
Education Studies,Education Studies,Edu Studies,Ed Studies,Education Studies
Egyptarb,African & African Amer Studies,Egyptian Arabic,Egyptian Dialect,Egypt Arabic
Egyptian,Near Eastern Languages & Civ,Egyptology,Ancient Egypt,NEA
Eliot House Seminar,House Seminars,Eliot House Seminar,House Seminars,EHS
Engineering Sciences,Engineering Sciences,Eng Sci,Eng Sciences,Engineering Studies
English,English,Eng,Eng Lit,Lit
Environmental Sci & Public Pol,Envi Science & Public Policy,Env Sci & Pub Pol,Environmental Studies,Public Policy
Environ Science & Engineering,Environmental Sci & Engineer,Environ Sci & Eng,Environmental Science,Environmental Engineering
"Ethnicity, Migration, Rights",Ethnicity Migration Rights,EMR,Ethnic Studies,Migration Rights
Experiential Study,Faculty of Arts & Sciences,Experiential Study,Experiential Learning,Experiential Education
Expository Writing,Expository Writing,Expos Writing,Expository Comp,Expository Comp.
Filipino Tagalog,South Asian Studies,Filipino Tagalog,Filipino language,Tagalog language
First Year Seminar,First Year Seminar Program,FYS,Freshman Seminar,Intro Seminar
Folklore & Mythology,Folklore & Mythology,Folk & Myth,Folklore Studies,Mythology
French,Romance Languages & Lit,French,Francais,Romance Languages
Geez,African & African Amer Studies,AAAS,Africana Studies,Black Studies
General Education,General Education,Gen Ed,GE,Liberal Arts
Genetics,Medical Sciences,Genetics,Genomics,Molecular Genetics
Georgian,Slavic Languages & Literatures,Georgian Language,Georgian Studies,Georgian Literature
German,Germanic Languages & Lit,Germanic Studies,German Language,German Literature
Germanic Philology,Germanic Languages & Lit,Germ Phil,German Philology,Germanic Lang Lit
Global Health & Health Policy,Global Health & Health Policy,Global Health,Health Policy,GHP
Government,Government,Gov,Poli Sci,Political Science
Graduate Research,No Department,Grad Res,Grad Studies,Postgrad Res
Greek,Classics The,Greek,Ancient Greek,Hellenic
Gullah,African & African Amer Studies,Gullah,Gullah Geechee,African American Studies
Haitian,African & African Amer Studies,Haitian Studies,Haitian History,Afro-Haitian Studies
Hausa,African & African Amer Studies,Hausa,African language,HA
Health Policy,Health Policy,Health Pol,Health Admin,Health Governance
Hebrew,Near Eastern Languages & Civ,Hebrew,Hebrew Language,NEAR E
Hindi-Urdu,South Asian Studies,Hindi-Urdu,Hindustani,HI-UR
History,History,Hist,Hist.,His
History & Literature,History & Literature,Hist & Lit,HistLit,History Literature
History of Art & Architecture,History of Art & Architecture,Art History,Architectural History,History of Art
History of Science,History of Science,Hist Sci,Sci History,Sci Hist
Human Bio & Translational Med,Medical Sciences,Human Biology,Translational Medicine,Human Bio & Trans Med
Human Evolutionary Biology,Human Evolutionary Biology,HEB,Evolutionary Biology,Human Evo Bio
Humanities,Humanities,Hum,Hum Stud,Hum Arts
Igbo,African & African Amer Studies,Igbo Studies,Igbo Language,Igbo Culture
Immunology,Medical Sciences,Immuno,Immune system,Immunobiology
Independent Study,No Department,Ind Study,Self-Study,Self-Directed Study
Indo-Persian,South Asian Studies,Indo-Persian,Indo-Pers,Indo-Persian Studies
Inner Asian and Altaic Studies,Inner Asian & Altaic Studies,Inner Asian Studies,Altaic Studies,IAA Studies
Irish,Celtic Languages & Literatures,Irish Studies,Gaelic Studies,Celtic Studies
Islamic Civilizations,Near Eastern Languages & Civ,Islamic Civ,Islamic Studies,Near Eastern Civ
Italian,Romance Languages & Lit,Ital,Ital Lang,Ital Lit
Jamaican,African & African Amer Studies,Jamaican Studies,Jamaican Culture,Jamaican History
Japanese,East Asian Langs & Civ,Japanese,East Asian Studies,EALC
Japanese History,East Asian Langs & Civ,Jpn History,East Asian History,Japanese Studies
Japanese Literature,East Asian Langs & Civ,Jpn Lit,Jap Lit,Japanese Lit
Jewish Studies,Near Eastern Languages & Civ,Jewish Studies,Judaic Studies,Hebrew Studies
Kimeru,African & African Amer Studies,Kimeru,Kimer,Meru
Kinyarwanda,African & African Amer Studies,Kinyarwanda,Rwandan language,Kinyarwanda studies
Korean,East Asian Langs & Civ,Korean,Korean language,Korean studies
Korean History,East Asian Langs & Civ,Korean Hist,K-History,East Asian History
Korean Literature,East Asian Langs & Civ,Korean Lit,K Lit,Korean Studies
Kurdish,Near Eastern Languages & Civ,Kurdish Studies,Kurdish Language,Kurdish Culture
Ladino,Romance Languages & Lit,Judeo-Spanish,Judezmo,Spanyolca
Latin,Classics The,Latin,Classics,Classical Studies
Life & Physical Sciences,Chemistry & Chemical Biology,Chem,ChemBio,Chem & ChemBio
Life Sciences,Molecular & Cellular Biology,Mol Cell Biol,MCB,Biochemistry
Linguistics,Linguistics,Ling,Lang,Lang Studies
Manchu,East Asian Langs & Civ,Manchu,Manchu language,Manchu studies
Mathematics,Mathematics,Math,Math,Maths
Medical Sciences,Medical Sciences,Med Sci,Med Studies,Health Sciences
Medieval Greek,Classics The,Medieval Greek,Byzantine Greek,Medieval Hellenic
Medieval Latin,Classics The,Med Latin,Medieval Latin Studies,Medieval Latin Lit
Medieval Studies,Medieval Studies,Medieval Studies,Medieval History,Middle Ages
Microbiology,Medical Sciences,Microbio,Micro,MBIO
Middle Eastern Studies,Middle Eastern Studies,Mid East Studies,MES,Near East Studies
"Mind, Brain & Behavior",Mind Brain & Behavior,MBB,Mind Behavior Brain,MBB Studies
Modern Greek,Classics The,Mod Greek,Modern Greek Language,Greek Studies
Modern Greek Studies,Classics The,Modern Greek Studies,Modern Greek,Greek Studies
Modern Hebrew,Near Eastern Languages & Civ,Hebrew,Hebrew language,Modern Israeli Hebrew
Modern Middle East,Near Eastern Languages & Civ,Modern Middle East,Middle Eastern Studies,Near East
Molecular & Cellular Biology,Molecular & Cellular Biology,Mol Cell Biol,MCB,Cell Biology
Mongolian,East Asian Langs & Civ,Mongolian Language,Mongolian Studies,Mongol Studies
Music,Music,Mus,Musi,Musc
Near Eastern Civilizations,Near Eastern Languages & Civ,NEC,Near East Civ,Near Eastern Studies
Nepali,South Asian Studies,Nepali,Nepalese,Nepalese language
Neurobiology - Graduate,Medical Sciences,Neurobio,Neurosci,Neurograd
Neuroscience - Undergraduate,Neuroscience,Neuro,Neurosci,Neurology
Organismic & Evolutionary Biol,Organismic & Evolutionary Biol,OEB,Organismic Biology,Evolutionary Biology
Oromo,African & African Amer Studies,Oromo Studies,Oromo language,Oromo culture
Persian,Near Eastern Languages & Civ,Persian,Farsi,Iranian
Philosophy,Philosophy,Phil,Philo,Philos
Physical Sciences,Chemistry & Chemical Biology,Chem,ChemBio,Chem & ChemBio
Physics,Physics,Phys,Physic,Physicist
Polish,Slavic Languages & Literatures,Polish,Polish Language,Slavic Languages
Political Economy & Government,Political Economy & Government,Pol Econ & Gov,Pol Econ,Pol Gov
Population Health Sciences,Population Health Sciences,Pop Health Sciences,Public Health Sciences,PH Sciences
Portuguese,Romance Languages & Lit,Port,Portuguese Lang,Portuguese Lit
Psychology,Psychology,Psych,Psychol,Psycholgy
Public Policy,Public Policy,Pub Pol,Govt Policy,Policy Studies
Quantum Sci and Engineering,Quantum Science & Engineering,Quantum Sci & Eng,Quantum Engineering,Quantum Technology
Regional Studies - East Asia,Regional Studies-East Asia,East Asian Studies,East Asian Affairs,East Asian Cultures
Religion,Religion The Study of,Religion,Theology,Religious Studies
Romance Languages,Romance Languages & Lit,RomLang,RomLangLit,Romance Lang
Romance Studies,Romance Languages & Lit,Romance Studies,Romance Lang & Lit,Romance Languages
"Russia, E Europe & Cntrl Asia",Russia E Europe Central Asia,Russia,Eastern Europe,Central Asia
Russian,Slavic Languages & Literatures,Russ,Slavic Lang,Lit
Sanskrit,South Asian Studies,Sanskrit,Sanskrit language,SA Studies
Scandinavian,Germanic Languages & Lit,Scand,Nordic Studies,Norse
Science,Earth & Planetary Sciences,EPS,Earth Sci,Planetary Sci
Semitic Philology,Near Eastern Languages & Civ,Semitic Philology,Semitic Studies,Near Eastern Languages
Slavic,Slavic Languages & Literatures,Slavic,Slav Lang & Lit,Slavic Studies
Social Policy,Social Policy,Soc Pol,Soc Policy,Welfare Policy
Social Studies,Social Studies,SS,Soc Studies,Soc Sci
Sociology,Sociology,Soc,Sociol,Socio
Somali,African & African Amer Studies,Somali Studies,Somali language,Somali culture
South Asian Studies,South Asian Studies,South Asian Studies,SAS,South Asian Studies Department
Spanish,Romance Languages & Lit,Spanish,Espa√±ol,Span Lit
Special Concentrations,Special Concentrations,Spec Con,Spec Concentr,Special Concs
Speech & Hearing Sciences,Medical Sciences,SHS,Communication Sciences and Disorders,Audiology
Statistics,Statistics,Stats,Stat,Statistic
Stem Cell & Regenerative Biol,Stem Cell & Regenerative Biol,Stem Cell Biology,Regenerative Biology,SCRB
Sumerian,Near Eastern Languages & Civ,Sumer,Mesopotamian,Near Eastern Studies
Swahili,African & African Amer Studies,Swahili,Kiswahili,African language
Swedish,Germanic Languages & Lit,Swedish,Swedish Language,Scandinavian Studies
Syriac,Near Eastern Languages & Civ,Syriac,Syriac language,Syr
Systems Biology,Systems Biology,SysBio,SysBiology,Systems Bio
Tamil,South Asian Studies,Tamil Language,Tamil Literature,Tamil Studies
Thai,South Asian Studies,Thai Studies,Thai language,Thailand
"Theater, Dance & Media",Theater Dance & Media,TDM,Performing Arts,Theatre Arts
Tibetan,South Asian Studies,Tibetan Studies,Tibetan Language,Tibetology
Tigrinya,African & African Amer Studies,Tigrinya,Tigrigna,Tigre
Translation Studies,Comparative Literature,Trans Studies,Transl Studies,Translation Studies
Turkish,Near Eastern Languages & Civ,Turk,Turk Lang,Near East Lang
Twi,African & African Amer Studies,African languages,AFRAM,African Studies
Ukrainian,Slavic Languages & Literatures,Ukrainian Language,Ukrainian Studies,Ukr. Lang.
Ukrainian Studies,Ukrainian Studies,Ukrainian Studies,Ukraine Studies,Ukr Studies
Uyghur,East Asian Langs & Civ,Uyghur Studies,Uyghur Language,Uyghur Culture
Vietnamese,East Asian Langs & Civ,Viet,Vietnamese Lang,Vietnam Lang
Virology,Medical Sciences,Virol,Vir,Virosci
Welsh,Celtic Languages & Literatures,Welsh,Cymraeg,Celtic Language
Wolof,African & African Amer Studies,Wolof,African language,Senegalese language
"Women, Gender & Sexuality",Women Gender & Sexuality,WGS,Gender Studies,Feminist Studies
XREG Fletcher School of Law,No Department,XREG,Fletcher Law,Fletcher School
Yiddish,Near Eastern Languages & Civ,Yiddish,Yid,Yiddish Language
Yoruba,African & African Amer Studies,Yoruba Language,Yoruba Studies,Yoruba Culture
Zulu,African & African Amer Studies,Zulu,Zulu language,Zulu studies